{
  "entry_metrics": {
    "probability_vector": [
      0.26937800645828247,
      0.775483161691046
    ],
    "adjusted_conviction": 0.6652898970146276,
    "information_activity_ratio": 1.560672514619876,
    "order_flow_bocpd_probability": 0.0,
    "wasserstein_cluster_index": 2,
    "volatility_ratio": 1.560672514619876,
    "ofi_velocity": 0.0
  },
  "exit_metrics": {
    "exit_mechanism": "TERMINAL_AMNESIA_SYNC",
    "mt5_return_code": 10009
  }
}