{
  "entry_metrics": {
    "probability_vector": [
      0.3729987144470215,
      0.5391906796626079
    ],
    "adjusted_conviction": 0.6211689965417638,
    "information_activity_ratio": 0.6169665809843046,
    "order_flow_bocpd_probability": 0.0,
    "wasserstein_cluster_index": 2,
    "volatility_ratio": 0.6169665809843046,
    "ofi_velocity": 0.0
  },
  "exit_metrics": {
    "exit_mechanism": "TERMINAL_AMNESIA_SYNC",
    "mt5_return_code": 10009
  }
}