{
  "entry_metrics": {
    "probability_vector": [
      0.30164867639541626,
      0.4029742853693277
    ],
    "adjusted_conviction": 0.41572941462830515,
    "information_activity_ratio": 1.178607207718778,
    "order_flow_bocpd_probability": 0.0,
    "wasserstein_cluster_index": 2,
    "volatility_ratio": 1.178607207718778,
    "ofi_velocity": 0.0
  },
  "exit_metrics": {
    "exit_mechanism": "TERMINAL_AMNESIA_SYNC",
    "mt5_return_code": 10009
  }
}