{
  "entry_metrics": {
    "probability_vector": [
      0.26520758867263794,
      0.5850617097412272
    ],
    "adjusted_conviction": 0.6031832349263629,
    "information_activity_ratio": 0.6363517574819687,
    "order_flow_bocpd_probability": 0.05000000000000001,
    "wasserstein_cluster_index": 2,
    "volatility_ratio": 0.6363517574819687,
    "ofi_velocity": 0.05000000000000001
  },
  "exit_metrics": {
    "exit_mechanism": "TERMINAL_AMNESIA_SYNC",
    "mt5_return_code": 10009
  }
}