{
  "entry_metrics": {
    "probability_vector": [
      0.26520758867263794,
      0.8578883899955551
    ],
    "adjusted_conviction": 0.714733033997333,
    "information_activity_ratio": 0.7129360093969443,
    "order_flow_bocpd_probability": 0.0,
    "wasserstein_cluster_index": 2,
    "volatility_ratio": 0.7129360093969443,
    "ofi_velocity": 0.0
  },
  "exit_metrics": {
    "exit_mechanism": "TERMINAL_AMNESIA_SYNC",
    "mt5_return_code": 10009
  }
}