{
  "entry_metrics": {
    "probability_vector": [
      0.26520758867263794,
      0.575657222656463
    ],
    "adjusted_conviction": 0.394066312551541,
    "information_activity_ratio": 0.9216589861751152,
    "order_flow_bocpd_probability": 0.0,
    "wasserstein_cluster_index": 2,
    "volatility_ratio": 0.9216589861751152,
    "ofi_velocity": 0.0
  },
  "exit_metrics": {
    "exit_mechanism": "TERMINAL_AMNESIA_SYNC",
    "mt5_return_code": 10009
  }
}