{
  "entry_metrics": {
    "probability_vector": [
      0.2716280519962311,
      0.7462409970991469
    ],
    "adjusted_conviction": 0.6477445982594882,
    "information_activity_ratio": 0.7868020304465084,
    "order_flow_bocpd_probability": 0.0,
    "wasserstein_cluster_index": 2,
    "volatility_ratio": 0.7868020304465084,
    "ofi_velocity": 0.0
  },
  "exit_metrics": {
    "exit_mechanism": "TERMINAL_AMNESIA_SYNC",
    "mt5_return_code": 10009
  }
}